Iter,rel_residual,rel_error,reg_param
0,1.2490996661779251e+01,2.5035996720193854e-01,0
1,1.2186170829582725e+01,2.4728625118933178e-01,3.7858034581853701e+01
2,1.0074071601687700e+00,7.1099878157123014e-02,1.0004975057534899e-09
3,8.5689996235745147e-01,6.5573958534003232e-02,1.0004975057534899e-09
4,8.7850686956025614e-01,6.6395542042673408e-02,2.1455814178692932e-02
5,1.0113114533235321e+00,7.1237521772279724e-02,3.1440069280356649e-02
6,8.5148354552744177e-01,6.5366385333583146e-02,1.8626980264433834e-02
7,2.4584312661524407e-01,3.5123305012254039e-02,1.8808133709439987e-07
8,2.4621856040933707e-01,3.5150113663214459e-02,6.0530540677465374e-07
9,2.4838587600740666e-01,3.5304477490264545e-02,1.7885661974001996e-06
10,2.5019691668925526e-01,3.5432950418052347e-02,2.5505432137584836e-06
11,2.5062388671847663e-01,3.5463171331869853e-02,2.7233473237000046e-06
12,2.5065428773669662e-01,3.5465322132098132e-02,2.7356042408888279e-06
13,2.5077422787415626e-01,3.5473806341389372e-02,2.7839121848043517e-06
14,2.5052005028210722e-01,3.5455824165418585e-02,2.6814413671880575e-06
15,2.5016416981016665e-01,3.5430631531537200e-02,2.5372296459797316e-06
16,2.4984763904440177e-01,3.5408209386288830e-02,2.4079794298653834e-06
17,2.4954615454610124e-01,3.5386839865757601e-02,2.2837312404148595e-06
18,2.4925352539519674e-01,3.5366085672102053e-02,2.1617727645213074e-06
19,2.4901029569118810e-01,3.5348825771547160e-02,2.0591390291783313e-06
20,2.4879943930179177e-01,3.5333856301531207e-02,1.9690456622233668e-06
21,2.4860860946474422e-01,3.5320303120939457e-02,1.8864540776372337e-06
22,2.4844693974003315e-01,3.5308816888959101e-02,1.8155773276791299e-06
23,2.4830575314740436e-01,3.5298782875285428e-02,1.7529077404379106e-06
24,2.4818316452914799e-01,3.5290068290173372e-02,1.6978388691253223e-06
25,2.4808294629819180e-01,3.5282942373049755e-02,1.6523199570128132e-06
26,2.4799466463097919e-01,3.5276664000875084e-02,1.6118167113847826e-06
27,2.4791535552198107e-01,3.5271022781713332e-02,1.5750799141997238e-06
28,2.4784847894148937e-01,3.5266265181108321e-02,1.5438260819367011e-06
29,2.4778149077640263e-01,3.5261498998855105e-02,1.5122502490961215e-06
30,2.4771779725664653e-01,3.5256966631795408e-02,1.4819611886639097e-06
31,2.4765735700042238e-01,3.5252665224876904e-02,1.4529643454783090e-06
32,2.4759832293361644e-01,3.5248463386796332e-02,1.4243879666493565e-06
33,2.4754570910960030e-01,3.5244718096925740e-02,1.3986953382468361e-06
34,2.4749464234752658e-01,3.5241082553267168e-02,1.3735447924051104e-06
35,2.4744562370782525e-01,3.5237592466661929e-02,1.3491944907050766e-06
36,2.4739924951405642e-01,3.5234290344186028e-02,1.3259598487043195e-06
37,2.4735461252890842e-01,3.5231111629122805e-02,1.3034043024218163e-06
38,2.4731346425911793e-01,3.5228181100423313e-02,1.2824370693942588e-06
39,2.4727557705016204e-01,3.5225482604844684e-02,1.2629763106977303e-06
40,2.4724149450892202e-01,3.5223054917989806e-02,1.2453369721091076e-06
41,2.4721299086283674e-01,3.5221024485291560e-02,1.2304844404101319e-06
42,2.4718805350995890e-01,3.5219247998416338e-02,1.2174124093571032e-06
43,2.4716083898109595e-01,3.5217309187842341e-02,1.2030610407569634e-06
44,2.4713459495798282e-01,3.5215439416692661e-02,1.1891339713892771e-06
45,2.4711017596892476e-01,3.5213699582022882e-02,1.1760956598273042e-06
46,2.4708700694829777e-01,3.5212048727189485e-02,1.1636513851347927e-06
47,2.4706438786891527e-01,3.5210436982477111e-02,1.1514314073619005e-06
48,2.4704305125304205e-01,3.5208916553337445e-02,1.1398379560476646e-06
49,2.4702227935736060e-01,3.5207436302603569e-02,1.1284876514215895e-06
50,2.4700315998401010e-01,3.5206073759219067e-02,1.1179831951162551e-06
51,2.4698387744139175e-01,3.5204699534153963e-02,1.1073320658788364e-06
52,2.4696446351331292e-01,3.5203315891336649e-02,1.0965488985414939e-06
53,2.4694553273445646e-01,3.5201966630495241e-02,1.0859750132310339e-06
54,2.4692927544485474e-01,3.5200807877026459e-02,1.0768466031192419e-06
55,2.4691228829797734e-01,3.5199597061547287e-02,1.0672599393935861e-06
56,2.4689539190129539e-01,3.5198392673272037e-02,1.0576741255092147e-06
57,2.4687904618136466e-01,3.5197227498443971e-02,1.0483516831536299e-06
58,2.4686350310470387e-01,3.5196119502798565e-02,1.0394411301117068e-06
59,2.4684913696285851e-01,3.5195095374494230e-02,1.0311645383896973e-06
60,2.4683417377533787e-01,3.5194028652529394e-02,1.0225013469723171e-06
61,2.4682037755722661e-01,3.5193045094878396e-02,1.0144743417882183e-06
62,2.4680776603575230e-01,3.5192145972370609e-02,1.0071027526665187e-06
63,2.4679614702608685e-01,3.5191317589408196e-02,1.0002820560389545e-06
64,2.4678379849565410e-01,3.5190437173531680e-02,9.9300173072544305e-07
65,2.4677112812634136e-01,3.5189533788542129e-02,9.8549734338266654e-07
66,2.4675894783193331e-01,3.5188665323551860e-02,9.7824974254870374e-07
67,2.4674699321182011e-01,3.5187812928481652e-02,9.7110382541870693e-07
68,2.4673503713499662e-01,3.5186960408891438e-02,9.6392404362743211e-07
69,2.4672323892508755e-01,3.5186119125641471e-02,9.5680602108967159e-07
70,2.4671245399788230e-01,3.5185350077938125e-02,9.5027000556315744e-07
71,2.4670315885769817e-01,3.5184687249944099e-02,9.4461393790901572e-07
72,2.4669293241134144e-01,3.5183957996927480e-02,9.3836620346900288e-07
73,2.4668303224557467e-01,3.5183251996743589e-02,9.3229242160238007e-07
74,2.4667470178045456e-01,3.5182657924007057e-02,9.2716195682408158e-07
75,2.4666625349597915e-01,3.5182055438941505e-02,9.2194022823759490e-07
76,2.4665678547194500e-01,3.5181380219412535e-02,9.1606545367229952e-07
77,2.4664821510767221e-01,3.5180769006015938e-02,9.1072655670840277e-07
78,2.4664024637529394e-01,3.5180200689725175e-02,9.0574413993427182e-07
79,2.4663134640417314e-01,3.5179565948235535e-02,9.0015826140640850e-07
80,2.4662269002315187e-01,3.5178948568483095e-02,8.9470342596696235e-07
81,2.4661571881629649e-01,3.5178451368771957e-02,8.9029458633131358e-07
82,2.4660835557400523e-01,3.5177926200717823e-02,8.8562214027652459e-07
83,2.4660027616119520e-01,3.5177349944258786e-02,8.8047642571513574e-07
84,2.4659305712389587e-01,3.5176835045281699e-02,8.7586175886783304e-07
85,2.4658649282291450e-01,3.5176366838933479e-02,8.7165154647293539e-07
86,2.4657876798422418e-01,3.5175815847910803e-02,8.6667954959458233e-07
87,2.4657184492556319e-01,3.5175322038269563e-02,8.6220734074298175e-07
88,2.4656609055428549e-01,3.5174911583775371e-02,8.5847821177651721e-07
89,2.4655878016326527e-01,3.5174390132785859e-02,8.5372492180931802e-07
90,2.4655173158176263e-01,3.5173887349377660e-02,8.4912488979417515e-07
91,2.4654599878101741e-01,3.5173478416821224e-02,8.4537108616034940e-07
92,2.4653959157162397e-01,3.5173021371672185e-02,8.4116224883753511e-07
93,2.4653312932277496e-01,3.5172560394380645e-02,8.3690268710791495e-07
94,2.4652879288493082e-01,3.5172251056051339e-02,8.3403603131736474e-07
95,2.4652310744711850e-01,3.5171845483143012e-02,8.3026735796102514e-07
96,2.4651671239315240e-01,3.5171389283902704e-02,8.2601423608115485e-07
97,2.4651202218052823e-01,3.5171054697908370e-02,8.2288534894354768e-07
98,2.4650776306027830e-01,3.5170750862020393e-02,8.2003692797060891e-07
99,2.4650179901307362e-01,3.5170325396135425e-02,8.1603675772374702e-07
100,2.4649592542811335e-01,3.5169906378656246e-02,8.1208394678859373e-07
